{"cameraMode":{"drawMode":2,"name":"Shaded Wireframe","section":"Shading Mode"},"sceneLighting":true,"audioPlay":false,"sceneViewState":{"showFog":true,"showMaterialUpdate":false,"showSkybox":true,"showFlares":true,"showImageEffects":true,"showParticleSystems":true},"in2DMode":false,"pivot":{"x":9.434404373168946,"y":10.032576560974121,"z":-1.4879807233810425},"rotation":{"x":-0.04310664162039757,"y":0.0569123700261116,"z":0.002461574040353298,"w":0.9974491596221924},"size":2.2273778915405275,"orthographic":false}